/sitemap/sitemap-index.xml /sitemap.xml 301
/andrew/ /about/  301
/contact-andrew/ /contact/  301
/feed/ /rss.xml  301
/rss/ /rss.xml  301
/feed/index.xml /rss.xml  301
/posts/ /essays/  301
/my-resume/ /resume/  301
/radio2rt/ /radio2-rt-wordpress-plugin/ 301
/2017/03/06/best-way-inject-logger/ /what-is-the-best-way-to-inject-a-logger/  301
/2018/09/26/how-to-build-a-time-tracking-app-in-react/ /how-to-build-a-time-tracking-app-in-react/  301
/2018/06/28/ionic-4-and-mobx/ /ionic-4-and-mobx/  301
/2011/05/26/what-does-it-mean-to-have-character/ /what-does-it-mean-to-have-character/  301
/2016/11/04/best-git-workflow-small-teams/ /what-is-the-best-git-branching-strategy-for-small-teams/  301
/2017/06/10/develop-laravel-homestead/ /how-to-develop-with-laravel-homestead/  301
/2017/05/02/best-way-handle-sessions-adr/ /what-is-the-best-way-to-handle-sessions-with-adr/  301
/2016/09/21/radar-under-the-hood/ /radar-under-the-hood/  301
/2016/10/14/collecting-data-from-atlas-orm-with-php-debug-bar/ /collecting-data-from-atlas-orm-with-php-debug-bar/  301
/2015/06/03/what-is-rsscloud/ /what-is-rsscloud/  301
/2013/08/16/future-of-php/ /the-future-of-php-and-javascript/  301
/2016/10/10/complex-database-relationships-with-atlasorm/ /complex-database-relationships-with-atlasorm/  301
/2016/10/18/tracking-multiple-connections-php-debug-bar-atlas-orm/ /tracking-multiple-connections-with-php-debug-bar-and-atlas-orm/  301
/2016/12/31/psr-7-objects-immutable/ /psr-7-objects-could-be-immutable/  301
/2011/03/29/nofollow-links/ /nofollow-links/  301
/2017/05/25/best-way-use-domainsession-command-line-environment/ /what-is-the-best-way-to-use-domainsession-in-a-command-line-environment/  301
/2015/12/17/getting-started-radar/ /getting-started-with-radar/  301
/2016/10/22/using-action-domain-responder-command-line/ /using-action-domain-responder-on-the-command-line/  301
/2016/09/23/discovering-clean-architecture/ /discovering-clean-architecture/  301
/2016/10/20/introducing-cadre-module/ /introducing-cadremodule/  301
/2014/06/25/running-river4-with-forever/ /running-river4-with-forever/  301
/2015/06/02/rebooting-rsscloud/ /rebooting-rsscloud/  301
/2016/11/09/be-the-change/ /be-the-change/  301
/2016/12/20/can-colonize-mars/ /how-can-we-colonize-mars/  301
/2016/09/28/symfony-forms-and-radar-part-2/ /symfony-forms-and-radar-part-2/  301
/2012/03/16/rt-proxy/ /rt-proxy/  301
/2013/08/07/triggering-safari-reader/ /triggering-safari-reader/  301
/2014/01/29/lightswitches-ocd/ /lightswitches-and-ocd/  301
/2014/08/14/how-to-be-polite/ /how-to-be-polite/  301
/2015/05/23/facebook-comments/ /facebook-comments/  301
/2015/05/26/feel-better-tomorrow/ /will-this-make-me-feel-better-tomorrow/  301
/2015/07/07/uncertainty-death/ /uncertainty-about-death/  301
/2016/09/16/futureproof-your-code/ /futureproof-your-code/  301
/2016/09/26/symfony-forms-radar/ /symfony-forms-and-radar-part-1/  301
/2013/11/23/figuring-out-silex-securityserviceprovider/ /figuring-out-silex-securityserviceprovider/  301
/2012/06/14/php-functions-on-the-fly/ /php-functions-on-the-fly/  301
/2015/05/01/laravel-utcmodel/ /laravel-utc-model/  301
/2013/07/16/ynab-budget/ /my-ynab-budget/  301
/2006/09/12/phpdb-works-2006/ /php-db-works-2006/  301
/2011/02/18/giving-up-on-web-ownership/ /giving-up-on-web-ownership/  301
/2011/02/23/escaping-corporate-silos-with-wordpress/ /escaping-corporate-silos-with-wordpress/  301
/2011/03/17/data-minimalism/ /data-minimalism/  301
/2015/02/02/php55-vs-hhvm/ /php-55-vs-hhvm/  301
/2016/01/15/jumping-in-with-php-7/ /jumping-in-with-php-7/  301
/2016/10/04/lazyarray-officially-part-of-aura-di/ /lazyarray-officially-part-of-auradi/  301
